rT ~ aa + bb * T,,,,,,,,,,,,,,,,,,,,,
,,,,,,,,,,,,,,,,,,,,,
REF,ORDER,FAMILY,GENUS,SPECIES,STAGE,aa,bb,contributor,DOI,journal,year,TminExpe,TmaxExpe,numT,numIndEgg,lightDark,rh,country,coorX,coorY,comments
Aghdam et al. 2009,Lepidoptera,Tortricidae,Cydia,pomonella,eggs,-0.1339,0.013,FR,10.1603/022.038.0343,Environmental Entomology,2009,10,35,8,135,16:8,50,Iran,37.388392,46.240941,NA
Aghdam et al. 2009,Lepidoptera,Tortricidae,Cydia,pomonella,larva,-0.0301,0.0033,FR,10.1603/022.038.0343,Environmental Entomology,2009,10,35,8,135,16:8,50,Iran,37.388392,46.240941,NA
Aghdam et al. 2009,Lepidoptera,Tortricidae,Cydia,pomonella,pupa,-0.0459,0.0044,FR,10.1603/022.038.0343,Environmental Entomology,2009,10,35,8,135,16:8,50,Iran,37.388392,46.240941,NA
Aghdam et al. 2009,Lepidoptera,Tortricidae,Cydia,pomonella,all,-0.0165,0.0017,FR,10.1603/022.038.0343,Environmental Entomology,2009,10,35,8,135,16:8,50,Iran,37.388392,46.240941,NA
Bentz et al. 1991,Coleoptera,Scolytidae,Dendroctonus,ponderosae,L4,-0.1094786,0.010013,FR,10.4039/Ent1231083-5,The Canadian Entomologist,1991,5,30,11,6,NA,NA,USA,41.833805,-111.601063,NA
Bentz et al. 1991,Coleoptera,Scolytidae,Dendroctonus,ponderosae,L5,-0.2914841,0.022251,FR,10.4039/Ent1231083-5,The Canadian Entomologist,1991,5,30,11,6,NA,NA,USA,41.833805,-111.601063,NA
Braby et al. 2003,Lepidoptera,Pieridae,Delias,nigrina,all,-0.018793,0.002023,FR,10.1046/j.1440-6055.2003.00342.x,Australian Journal of Entomology,2003,19,27,4,62,12:12,NA,Australia,-27.462923,153.04947,NA
Braby et al. 2003,Lepidoptera,Pieridae,Delias,nigrina,larva+pupa,-0.036238,0.003436,FR,10.1046/j.1440-6055.2003.00342.x,Australian Journal of Entomology,2003,19,27,4,62,12:12,NA,Australia,-27.462923,153.04947,NA
Braby et al. 2003,Lepidoptera,Pieridae,Delias,nigrina,pupa,-0.074145,0.006871,FR,10.1046/j.1440-6055.2003.00342.x,Australian Journal of Entomology,2003,19,27,4,62,12:12,NA,Australia,-27.462923,153.04947,NA
Briere and Pracros 1998,Lepidoptera,Tortricidae,Lobesia,botrana,eggs,-0.0134,0.0110,FR,10.1093/jee/85.2.561,Environmental Entomology,1998,8,34,14,28,16:8,65,France,44.837557,-0.578932,NA
Briere and Pracros 1998,Lepidoptera,Tortricidae,Lobesia,botrana,L1,-0.1433,0.0155,FR,10.1093/jee/85.2.561,Environmental Entomology,1998,8,34,14,28,16:8,65,France,44.837557,-0.578932,NA
Briere and Pracros 1998,Lepidoptera,Tortricidae,Lobesia,botrana,L2,-0.1472,0.0176,FR,10.1093/jee/85.2.561,Environmental Entomology,1998,8,34,14,28,16:8,65,France,44.837557,-0.578932,NA
Briere and Pracros 1998,Lepidoptera,Tortricidae,Lobesia,botrana,L3,-0.1164,0.0160,FR,10.1093/jee/85.2.561,Environmental Entomology,1998,8,34,14,28,16:8,65,France,44.837557,-0.578932,NA
Briere and Pracros 1998,Lepidoptera,Tortricidae,Lobesia,botrana,L4,-0.1255,0.0153,FR,10.1093/jee/85.2.561,Environmental Entomology,1998,8,34,14,28,16:8,65,France,44.837557,-0.578932,NA
Briere and Pracros 1998,Lepidoptera,Tortricidae,Lobesia,botrana,L5,-0.5170,0.0080,FR,10.1093/jee/85.2.561,Environmental Entomology,1998,8,34,14,28,16:8,65,France,44.837557,-0.578932,NA
Briere and Pracros 1998,Lepidoptera,Tortricidae,Lobesia,botrana,pupa,-0.0827,0.0074,FR,10.1093/jee/85.2.561,Environmental Entomology,1998,8,34,14,28,16:8,65,France,44.837557,-0.578932,NA
Bryant et al. 1997,Lepidoptera,Nymphalidae,Aglais,all,urticae,-0.03485,0.003303,FR,10.1046/j.1365-2311.1997.00082.x,Ecological Entomology,1997,9,30,8,40,18:6,NA,England,52.450729,-1.930524,NA
Bryant et al. 1997,Lepidoptera,Nymphalidae,Aglais,io,all,-0.02195,0.002377,FR,10.1046/j.1365-2311.1997.00082.x,Ecological Entomology,1997,9,30,8,40,18:6,NA,England,52.450729,-1.930524,NA
Bryant et al. 1997,Lepidoptera,Nymphalidae,Polygonia,c-album,all,-0.01623,0.002428,FR,10.1046/j.1365-2311.1997.00082.x,Ecological Entomology,1997,9,30,8,40,18:6,NA,England,52.450729,-1.930524,NA
Bryant et al. 1997,Lepidoptera,Nymphalidae,Vanessa,atalanta,all,-0.01761,0.002419,FR,10.1046/j.1365-2311.1997.00082.x,Ecological Entomology,1997,9,30,8,40,18:6,NA,England,52.450729,-1.930524,NA
Campbell et al. 1974,Hemiptera,Aphididae,Acyrthosiphon,pisum,all,-0.04857143,0.00952381,FR,10.2307/2402197,Journal of Applied Ecology,1974,NA,NA,NA,NA,NA,NA,USA,37.873304,-122.273584,NA
Campbell et al. 1974,Hemiptera,Aphididae,Acyrthosiphon,pisum,all,-0.05384615,0.009615385,FR,10.2307/2402197,Journal of Applied Ecology,1974,NA,NA,NA,NA,NA,NA,Canada,50.672966,-120.329028,NA
Campbell et al. 1974,Hemiptera,Aphididae,Acyrthosiphon,pisum,all,-0.03389831,0.008474576,FR,10.2307/2402197,Journal of Applied Ecology,1974,NA,NA,NA,NA,NA,NA,Canada,49.282356,-123.121502,NA
Campbell et al. 1974,Hemiptera,Aphididae,Aphis,craccivora,all,-0.10375,0.0125,FR,10.2307/2402197,Journal of Applied Ecology,1974,NA,NA,NA,NA,NA,NA,Australia,-32.528814,146.102676,NA
Campbell et al. 1974,Hemiptera,Aphididae,Brevicoryne,brassicae,all,-0.05220588,0.007352941,FR,10.2307/2402197,Journal of Applied Ecology,1974,NA,NA,NA,NA,NA,NA,USA,37.873304,-122.273584,NA
Campbell et al. 1974,Hemiptera,Aphididae,Brevicoryne,brassicae,all,-0.03937008,0.007874016,FR,10.2307/2402197,Journal of Applied Ecology,1974,NA,NA,NA,NA,NA,NA,Australia,-35.280666,149.129914,NA
Campbell et al. 1974,Hemiptera,Aphididae,Brevicoryne,brassicae,all,-0.03571429,0.005494505,FR,10.2307/2402197,Journal of Applied Ecology,1974,NA,NA,NA,NA,NA,NA,Holland,51.969281,5.662367,NA
Campbell et al. 1974,Hemiptera,Aphididae,Brevicoryne,brassicae,all,-0.02883436,0.006134969,FR,10.2307/2402197,Journal of Applied Ecology,1974,NA,NA,NA,NA,NA,NA,Canada,49.282356,-123.121502,NA
Campbell et al. 1974,Hemiptera,Aphididae,Macrosiphon,avenae,all,-0.04102564,0.008547009,FR,10.2307/2402197,Journal of Applied Ecology,1974,NA,NA,NA,NA,NA,NA,Canada,49.282356,-123.121502,NA
Campbell et al. 1974,Hemiptera,Aphididae,Macrosiphon,maxima,all,-0.0312,0.008,FR,10.2307/2402197,Journal of Applied Ecology,1974,NA,NA,NA,NA,NA,NA,Canada,49.282356,-123.121502,NA
Campbell et al. 1974,Hymenoptera,Braconidae,Aphidius,smithi,all,-0.03388889,0.005555556,FR,10.2307/2402197,Journal of Applied Ecology,1974,NA,NA,NA,NA,NA,NA,Canada,50.672966,-120.329028,NA
Campbell et al. 1974,Hymenoptera,Braconidae,Aphidius,smithi,all,-0.02790698,0.005813953,FR,10.2307/2402197,Journal of Applied Ecology,1974,NA,NA,NA,NA,NA,NA,USA,37.873304,-122.273584,NA
Campbell et al. 1974,Hymenoptera,Braconidae,Aphidius,ervi ervi,all,-0.03045685,0.005076142,FR,10.2307/2402197,Journal of Applied Ecology,1974,NA,NA,NA,NA,NA,NA,Canada,49.282356,-123.121502,NA
Campbell et al. 1974,Hymenoptera,Braconidae,Aphidius,ervi pulcher,all,-0.03244681,0.005319149,FR,10.2307/2402197,Journal of Applied Ecology,1974,NA,NA,NA,NA,NA,NA,Canada,50.672966,-120.329028,NA
Campbell et al. 1974,Hymenoptera,Braconidae,Praon,pequodorum,all,-0.03467337,0.005025126,FR,10.2307/2402197,Journal of Applied Ecology,1974,NA,NA,NA,NA,NA,NA,Canada,50.672966,-120.329028,NA
Campbell et al. 1974,Hymenoptera,Braconidae,Aphidius,ervi ervi,all,-0.01826087,0.004347826,FR,10.2307/2402197,Journal of Applied Ecology,1974,NA,NA,NA,NA,NA,NA,Canada,49.282356,-123.121502,NA
Campbell et al. 1974,Hymenoptera,Braconidae,Diaeretiella,rapae,all,-0.01452282,0.004149378,FR,10.2307/2402197,Journal of Applied Ecology,1974,NA,NA,NA,NA,NA,NA,USA,37.873304,-122.273584,NA
Campbell et al. 1974,Hymenoptera,Braconidae,Diaeretiella,rapae,all,-0.07216495,0.010309280,FR,10.2307/2402197,Journal of Applied Ecology,1974,NA,NA,NA,NA,NA,NA,Australia,-35.280666,149.129914,NA
Campbell et al. 1974,Hymenoptera,Braconidae,Diaeretiella,rapae,all,-0.03457447,0.005319149,FR,10.2307/2402197,Journal of Applied Ecology,1974,NA,NA,NA,NA,NA,NA,Holland,51.969281,5.662367,NA
Campbell et al. 1974,Hymenoptera,Braconidae,Diaeretiella,rapae,all,-0.04224138,0.008620690,FR,10.2307/2402197,Journal of Applied Ecology,1974,NA,NA,NA,NA,NA,NA,Canada,49.282356,-123.121502,NA
Campbell et al. 1974,Hymenoptera,Braconidae,Aphidius,rubifolii,all,-0.03011364,0.005681818,FR,10.2307/2402197,Journal of Applied Ecology,1974,NA,NA,NA,NA,NA,NA,Canada,49.282356,-123.121502,NA
Campbell et al. 1974,Hymenoptera,Ceraphronoidea,Dendrocerus,niger,all,-0.03532609,0.005434783,FR,10.2307/2402197,Journal of Applied Ecology,1974,NA,NA,NA,NA,NA,NA,Canada,50.672966,-120.329028,NA
Campbell et al. 1974,Hymenoptera,Pteromalidae,Asaphes,lucens,all,-0.03476395,0.004291845,FR,10.2307/2402197,Journal of Applied Ecology,1974,NA,NA,NA,NA,NA,NA,Canada,50.672966,-120.329028,NA
Doerr et al. 2002,Lepidoptera,Noctuidae,Lacanobia,subjuncta,eggs,-0.0885,0.0134,FR,10.1603/0046-225X-31.6.995,Environmental Entomology,2002,10,37.5,10,50,NA,NA,USA,47.754738,-119.646146,NA
Doerr et al. 2002,Lepidoptera,Noctuidae,Lacanobia,subjuncta,L1,-0.1895,0.0192,FR,10.1603/0046-225X-31.6.995,Environmental Entomology,2002,10,37.5,10,50,NA,NA,USA,47.754738,-119.646146,NA
Doerr et al. 2002,Lepidoptera,Noctuidae,Lacanobia,subjuncta,L2,-0.1466,0.0188,FR,10.1603/0046-225X-31.6.995,Environmental Entomology,2002,10,37.5,10,50,NA,NA,USA,47.754738,-119.646146,NA
Doerr et al. 2002,Lepidoptera,Noctuidae,Lacanobia,subjuncta,L3,-0.1047,0.0159,FR,10.1603/0046-225X-31.6.995,Environmental Entomology,2002,10,37.5,10,50,NA,NA,USA,47.754738,-119.646146,NA
Doerr et al. 2002,Lepidoptera,Noctuidae,Lacanobia,subjuncta,L4,-0.0703,0.0138,FR,10.1603/0046-225X-31.6.995,Environmental Entomology,2002,10,37.5,10,50,NA,NA,USA,47.754738,-119.646146,NA
Doerr et al. 2002,Lepidoptera,Noctuidae,Lacanobia,subjuncta,L5,-0.1387,0.0200,FR,10.1603/0046-225X-31.6.995,Environmental Entomology,2002,10,37.5,10,50,NA,NA,USA,47.754738,-119.646146,NA
Doerr et al. 2002,Lepidoptera,Noctuidae,Lacanobia,subjuncta,L6,-0.0508,0.0070,FR,10.1603/0046-225X-31.6.995,Environmental Entomology,2002,10,37.5,10,50,NA,NA,USA,47.754738,-119.646146,NA
Doerr et al. 2002,Lepidoptera,Noctuidae,Lacanobia,subjuncta,larva,-0.014,0.0021,FR,10.1603/0046-225X-31.6.995,Environmental Entomology,2002,10,37.5,10,50,NA,NA,USA,47.754738,-119.646146,NA
Doerr et al. 2002,Lepidoptera,Noctuidae,Lacanobia,subjuncta,pupa,-0.0156,0.0032,FR,10.1603/0046-225X-31.6.995,Environmental Entomology,2002,10,37.5,10,50,NA,NA,USA,47.754738,-119.646146,NA
Golizadeh and Zalucki 2012,Lepidoptera,Gelechiidae,Phthorimaea,operculella,eggs,-0.199,0.017,FR,10.1111/j.1744-7917.2012.01503.x,Insect Science,2012,16,36,7,200,8:16,65,Iran,38.252986,48.299232,NA
Golizadeh and Zalucki 2012,Lepidoptera,Gelechiidae,Phthorimaea,operculella,larva,-0.060,0.005,FR,10.1111/j.1744-7917.2012.01503.x,Insect Science,2012,16,36,7,200,8:16,65,Iran,38.252986,48.299232,NA
Golizadeh and Zalucki 2012,Lepidoptera,Gelechiidae,Phthorimaea,operculella,pupa,-0.133,0.011,FR,10.1111/j.1744-7917.2012.01503.x,Insect Science,2012,16,36,7,200,8:16,65,Iran,38.252986,48.299232,NA
Golizadeh and Zalucki 2012,Lepidoptera,Gelechiidae,Phthorimaea,operculella,all,-0.034,0.003,FR,10.1111/j.1744-7917.2012.01503.x,Insect Science,2012,16,36,7,200,8:16,65,Iran,38.252986,48.299232,NA
Golizadeh et al. 2008,Hymenoptera,Ichneumonidae,Diadegma,anurum,eggs+larva,-0.0701,0.0093,FR,10.1093/ee/37.1.38,Environmental Entomology,2008,15,35,5,NA,14:10,65,Iran,35.705563,51.398871,NA
Golizadeh et al. 2008,Hymenoptera,Ichneumonidae,Diadegma,anurum,pupa,-0.0377,0.0056,FR,10.1093/ee/37.1.38,Environmental Entomology,2008,15,35,5,NA,14:10,65,Iran,35.705563,51.398871,NA
Golizadeh et al. 2008,Hymenoptera,Ichneumonidae,Diadegma,anurum,all,-0.0248,0.0035,FR,10.1093/ee/37.1.38,Environmental Entomology,2008,15,35,5,NA,14:10,65,Iran,35.705563,51.398871,NA
Golizadeh et al. 2008,Hymenoptera,Ichneumonidae,Diadegma,anurum,eggs+larva,-0.0672,0.0091,FR,10.1093/ee/37.1.38,Environmental Entomology,2008,15,35,5,NA,14:10,65,Iran,35.705563,51.398871,NA
Golizadeh et al. 2008,Hymenoptera,Ichneumonidae,Diadegma,anurum,pupa,-0.0392,0.0058,FR,10.1093/ee/37.1.38,Environmental Entomology,2008,15,35,5,NA,14:10,65,Iran,35.705563,51.398871,NA
Golizadeh et al. 2008,Hymenoptera,Ichneumonidae,Diadegma,anurum,all,-0.0249,0.0036,FR,10.1093/ee/37.1.38,Environmental Entomology,2008,15,35,5,NA,14:10,65,Iran,35.705563,51.398871,NA
Graf et al. 2015,Lepidoptera,Tortricidae,Grapholita,lobarzewskii,eggs,-0.1067,0.01104,FR,10.1111/eea.12386,Entomologia Experimentalis et Applicata,2015,12.7,26.1,5,200,16:8,75,NA,NA,NA,NA
Graf et al. 2015,Lepidoptera,Tortricidae,Grapholita,lobarzewskii,larva,-0.0181,0.00257,FR,10.1111/eea.12386,Entomologia Experimentalis et Applicata,2015,12.7,26.1,5,200,16:8,75,NA,NA,NA,NA
Harman et al. 1989,Lepidoptera,Arctiidae,Tyria,jacobaeae,eggs,-0.170,0.0156,FR,NA,Proc.,1989,12,35,6,30,NA,NA,NA,NA,NA,NA
Harman et al. 1989,Lepidoptera,Arctiidae,Tyria,jacobaeae,L1,-0.257,0.0255,FR,NA,Proc.,1989,12,35,6,30,NA,NA,NA,NA,NA,NA
Harman et al. 1989,Lepidoptera,Arctiidae,Tyria,jacobaeae,L2,-0.367,0.0333,FR,NA,Proc.,1989,12,35,6,30,NA,NA,NA,NA,NA,NA
Harman et al. 1989,Lepidoptera,Arctiidae,Tyria,jacobaeae,L3,-0.410,0.0346,FR,NA,Proc.,1989,12,35,6,30,NA,NA,NA,NA,NA,NA
Harman et al. 1989,Lepidoptera,Arctiidae,Tyria,jacobaeae,L4,-0.280,0.0257,FR,NA,Proc.,1989,12,35,6,30,NA,NA,NA,NA,NA,NA
Harman et al. 1989,Lepidoptera,Arctiidae,Tyria,jacobaeae,L5,-0.0349,0.0061,FR,NA,Proc.,1989,12,35,6,30,NA,NA,NA,NA,NA,NA
Hilbert and Logan 1983,Orthoptera,Acrididae,Melanoplus,sanguinipes,all,-0.05368,0.00244,FR,10.1093/ee/12.1.1,Environmental Entomology,1983,NA,NA,NA,NA,NA,NA,NA,NA,NA,NA
Ito et al. 1968,Lepidoptera,Arctiidae,Hyphantria,cunea,larva,-0.03056,0.00326,FR,10.1303/aez.3.163,Applied Entomology and Zoology,1968,10,30,5,NA,16:8,75,Japan,35.673914,139.487084,NA
Ito et al. 1968,Lepidoptera,Arctiidae,Hyphantria,cunea,larva + pupa,-0.01736,0.00159,FR,10.1303/aez.3.163,Applied Entomology and Zoology,1968,10,30,5,NA,16:8,75,Japan,35.673914,139.487084,NA
Ito et al. 1968,Lepidoptera,Arctiidae,Hyphantria,cunea,eggs,-0.13733,0.0109,FR,10.1303/aez.3.163,Applied Entomology and Zoology,1968,10,30,5,NA,16:8,75,Japan,35.673914,139.487084,NA
Ito et al. 1968,Lepidoptera,Arctiidae,Hyphantria,cunea,larva,-0.02093,0.0021,FR,10.1303/aez.3.163,Applied Entomology and Zoology,1968,10,30,5,NA,16:8,75,Japan,35.673914,139.487084,NA
Ito et al. 1968,Lepidoptera,Arctiidae,Hyphantria,cunea,pupa,-0.073,0.00574,FR,10.1303/aez.3.163,Applied Entomology and Zoology,1968,10,30,5,NA,16:8,75,Japan,35.673914,139.487084,NA
Ito et al. 1968,Lepidoptera,Arctiidae,Hyphantria,cunea,pupa,-0.07379,0.00579,FR,10.1303/aez.3.163,Applied Entomology and Zoology,1968,10,30,5,NA,16:8,75,Japan,35.673914,139.487084,NA
Jallow and Matsumura 2001,Lepidoptera,Noctuidae,Helicoverpa,armigera,eggs,-0.21,0.02,FR,10.1303/aez.2001.427,Applied Entomology and Zoology,2001,13.3,32.5,8,150,12:12,NA,Japan,32.564038,130.799644,NA
Jallow and Matsumura 2001,Lepidoptera,Noctuidae,Helicoverpa,armigera,larva,-0.045,0.004,FR,10.1303/aez.2001.427,Applied Entomology and Zoology,2001,13.3,32.5,8,150,12:12,NA,Japan,32.564038,130.799644,NA
Jallow and Matsumura 2001,Lepidoptera,Noctuidae,Helicoverpa,armigera,pupa,-0.083,0.006,FR,10.1303/aez.2001.427,Applied Entomology and Zoology,2001,13.3,32.5,8,150,12:12,NA,Japan,32.564038,130.799644,NA
Kim et al. 2001,Lepidoptera,Carposinidae,Carposina,sasakii,eggs,-0.1054,0.0096,FR,10.1603/0046-225X-30.2.298,Environmental Entomology,2001,16,35,8,6,16:8,70,Korea,37.279751,127.007997,NA
Kim et al. 2001,Lepidoptera,Carposinidae,Carposina,sasakii,larva,-0.0348,0.0037,FR,10.1603/0046-225X-30.2.298,Environmental Entomology,2001,16,35,8,6,16:8,70,Korea,37.279751,127.007997,NA
Kim et al. 2001,Lepidoptera,Carposinidae,Carposina,sasakii,pupa,-0.0547,0.0053,FR,10.1603/0046-225X-30.2.298,Environmental Entomology,2001,16,35,8,6,16:8,70,Korea,37.279751,127.007997,NA
Kontodimas et al. 2004,Coleoptera,Coccinellidae,Nephus,includens,all,-0.0222,0.002,FR,10.1603/0046-225X-33.1.1,Environmental Entomology,2004,10,37.5,8,25,16:8,65,Grece,38.006485,23.765652,NA
Kontodimas et al. 2004,Coleoptera,Coccinellidae,Nephus,bisignatus,all,-0.0153,0.0016,FR,10.1603/0046-225X-33.1.1,Environmental Entomology,2004,10,37.5,8,25,16:8,65,Grece,38.006485,23.765652,NA
Krechemer and Foerster 2015,Lepidoptera,Gelechiidae,Tuta,absoluta,eggs,-0.1641,0.0171,FR,10.1093/jisesa/iev072,Journal of Insect Science,2015,15,30,4,NA,NA,70,Brazil,-25.29283,-49.221202,NA
Krechemer and Foerster 2015,Lepidoptera,Gelechiidae,Tuta,absoluta,larva,-0.0293,0.0044,FR,10.1093/jisesa/iev072,Journal of Insect Science,2015,15,30,4,NA,NA,70,Brazil,-25.29283,-49.221202,NA
Krechemer and Foerster 2015,Lepidoptera,Gelechiidae,Tuta,absoluta,pupa,-0.0555,0.0076,FR,10.1093/jisesa/iev072,Journal of Insect Science,2015,15,30,4,NA,NA,70,Brazil,-25.29283,-49.221202,NA
Krechemer and Foerster 2015,Lepidoptera,Gelechiidae,Tuta,absoluta,all,-0.0175,0.0024,FR,10.1093/jisesa/iev072,Journal of Insect Science,2015,15,30,4,NA,NA,70,Brazil,-25.29283,-49.221202,NA
Krugner et al. 2007,Hymenoptera,Braconidae,Macrocentrus,iridescens,all,-0.0149,0.0016,FR,10.1016/j.biocontrol.2007.04.018,Biological Control,2007,12.6,36.8,8,75,16:8,75,USA,36.72345,-120.06095,NA
Lamb 1992,Hemiptera,Aphididae,Acyrthosiphon,pisum,all,-0.0374,0.0097,FR,10.1093/ee/21.1.10,Environmental Entomology,1992,5,28,20,7,NA,NA,NA,NA,NA,NA
Lamb 1992,Hemiptera,Aphididae,Acyrthosiphon,pisum,all,-0.0311,0.0091,FR,10.1093/ee/21.1.10,Environmental Entomology,1992,5,28,20,16,NA,NA,NA,NA,NA,NA
Leibee 1984,Diptera,Agromysidae,Liriomysa,trifolii,eggs,-0.4411,0.0343,FR,10.1093/ee/13.2.497,Environmental Entomology,1984,15,35,5,50,16:8,NA,NA,NA,NA,NA
Leibee 1984,Diptera,Agromysidae,Liriomysa,trifolii,larva,-0.0587,0.0070,FR,10.1093/ee/13.2.497,Environmental Entomology,1984,15,35,5,50,16:8,NA,NA,NA,NA,NA
Leibee 1984,Diptera,Agromysidae,Liriomysa,trifolii,pupa,-0.0779,0.0076,FR,10.1093/ee/13.2.497,Environmental Entomology,1984,15,35,5,50,16:8,NA,NA,NA,NA,NA
Lin and Trumble 1985,Lepidoptera,Gelechiidae,Keiferia,lycopersicella,eggs,-0.143,0.0126,FR,10.1093/ee/14.6.855,Environmental Entomology,1985,8,44,11,50,12:12,60,USA,33.788229,-117.849183,NA
Lin and Trumble 1985,Lepidoptera,Gelechiidae,Keiferia,lycopersicella,L1-L2,-0.103,0.0097,FR,10.1093/ee/14.6.855,Environmental Entomology,1985,8,44,11,50,12:12,60,USA,33.788229,-117.849183,NA
Lin and Trumble 1985,Lepidoptera,Gelechiidae,Keiferia,lycopersicella,L3-L4,-0.086,0.0085,FR,10.1093/ee/14.6.855,Environmental Entomology,1985,8,44,11,50,12:12,60,USA,33.788229,-117.849183,NA
Lu et al. 2016,Lepidoptera,Xyloryctidae,Opisina,arenosella,all,-0.012,0.001,FR,10.1111/aen.12195,Austral Entomology,2016,20,35,6,100,12:12,75,China,19.160776,109.724082,NA
Lysyk 1989,Lepidoptera,Tortricidae,Choristoneura,pinus pinus,L1,-0.041,0.006,FR,10.4039/Ent121373-4,Canadian Entomologist,1989,11,31,14,NA,16:8,NA,Canada,NA,NA,NA
Lysyk 1989,Lepidoptera,Tortricidae,Choristoneura,pinus pinus,L2,-0.240,0.021,FR,10.4039/Ent121373-4,Canadian Entomologist,1989,11,31,14,NA,16:8,NA,Canada,NA,NA,NA
Lysyk 1989,Lepidoptera,Tortricidae,Choristoneura,pinus pinus,L3,-0.295,0.026,FR,10.4039/Ent121373-4,Canadian Entomologist,1989,11,31,14,NA,16:8,NA,Canada,NA,NA,NA
Lysyk 1989,Lepidoptera,Tortricidae,Choristoneura,pinus pinus,L4,-0.204,0.021,FR,10.4039/Ent121373-4,Canadian Entomologist,1989,11,31,14,NA,16:8,NA,Canada,NA,NA,NA
Lysyk 1989,Lepidoptera,Tortricidae,Choristoneura,pinus pinus,L5,-0.167,0.019,FR,10.4039/Ent121373-4,Canadian Entomologist,1989,11,31,14,NA,16:8,NA,Canada,NA,NA,NA
Lysyk 1989,Lepidoptera,Tortricidae,Choristoneura,pinus pinus,L6,-0.105,0.014,FR,10.4039/Ent121373-4,Canadian Entomologist,1989,11,31,14,NA,16:8,NA,Canada,NA,NA,NA
Lysyk 1989,Lepidoptera,Tortricidae,Choristoneura,pinus pinus,L7,-0.068,0.009,FR,10.4039/Ent121373-4,Canadian Entomologist,1989,11,31,14,NA,16:8,NA,Canada,NA,NA,NA
Lysyk 1989,Lepidoptera,Tortricidae,Choristoneura,pinus pinus,pupa,-0.100,0.009,FR,10.4039/Ent121373-4,Canadian Entomologist,1989,11,31,14,NA,16:8,NA,Canada,NA,NA,NA
Lysyk and Nealis 1988,Lepidoptera,Tortricidae,Choristoneura,pinus pinus,larva,-0.0179,0.0024,FR,10.1093/jee/81.4.1045,Journal of Economic Entomology,1988,7.1,33.3,NA,NA,15:9,NA,NA,NA,NA,NA
Lysyk and Nealis 1988,Lepidoptera,Tortricidae,Choristoneura,pinus pinus,pupa,-0.0621,0.0077,FR,10.1093/jee/81.4.1045,Journal of Economic Entomology,1988,7.1,33.3,NA,NA,15:9,NA,NA,NA,NA,NA
Lysyk and Nealis 1988,Lepidoptera,Tortricidae,Choristoneura,pinus pinus,all,-0.0142,0.0019,FR,10.1093/jee/81.4.1045,Journal of Economic Entomology,1988,7.1,33.3,NA,NA,15:9,NA,NA,NA,NA,NA
Lysyk and Nealis 1988,Hymenoptera,Braconidae,Apanteles,fumiferanae,larva,-0.0208,0.0028,FR,10.1093/jee/81.4.1045,Journal of Economic Entomology,1988,7.1,33.3,NA,NA,15:9,NA,NA,NA,NA,NA
Lysyk and Nealis 1988,Hymenoptera,Braconidae,Apanteles,fumiferanae,pupa,-0.0894,0.0092,FR,10.1093/jee/81.4.1045,Journal of Economic Entomology,1988,7.1,33.3,NA,NA,15:9,NA,NA,NA,NA,NA
Lysyk and Nealis 1988,Hymenoptera,Braconidae,Apanteles,fumiferanae,all,-0.0194,0.0022,FR,10.1093/jee/81.4.1045,Journal of Economic Entomology,1988,7.1,33.3,NA,NA,15:9,NA,NA,NA,NA,NA
Lysyk and Nealis 1988,Hymenoptera,Ichneumonoidea,Glypta,fumiferanae,larva,-0.0125,0.0021,FR,10.1093/jee/81.4.1045,Journal of Economic Entomology,1988,7.1,33.3,NA,NA,15:9,NA,NA,NA,NA,NA
Lysyk and Nealis 1988,Hymenoptera,Ichneumonoidea,Glypta,fumiferanae,pupa,-0.0464,0.0060,FR,10.1093/jee/81.4.1045,Journal of Economic Entomology,1988,7.1,33.3,NA,NA,15:9,NA,NA,NA,NA,NA
Lysyk and Nealis 1988,Hymenoptera,Ichneumonoidea,Glypta,fumiferanae,all,-0.0121,0.0017,FR,10.1093/jee/81.4.1045,Journal of Economic Entomology,1988,7.1,33.3,NA,NA,15:9,NA,NA,NA,NA,NA
Manrique et al. 2008,Lepidoptera,Tortricidae,Episimus,utilis,eggs,-0.0866,0.0106,FR,10.1603/0046-225X(2008)37[862:TDAPDO]2.0.CO;2,Environmental Entomology,2008,10,35,7,170,14:10,65,Brazil,-25.428145,-49.266797,NA
Manrique et al. 2008,Lepidoptera,Tortricidae,Episimus,utilis,larva,-0.0219,0.0026,FR,10.1603/0046-225X(2008)37[862:TDAPDO]2.0.CO;2,Environmental Entomology,2008,10,35,7,170,14:10,65,Brazil,-25.428145,-49.266797,NA
Manrique et al. 2008,Lepidoptera,Tortricidae,Episimus,utilis,pupa,-0.0871,0.0076,FR,10.1603/0046-225X(2008)37[862:TDAPDO]2.0.CO;2,Environmental Entomology,2008,10,35,7,170,14:10,65,Brazil,-25.428145,-49.266797,NA
Manrique et al. 2008,Lepidoptera,Tortricidae,Episimus,utilis,all,-0.0164,0.0017,FR,10.1603/0046-225X(2008)37[862:TDAPDO]2.0.CO;2,Environmental Entomology,2008,10,35,7,170,14:10,65,Brazil,-25.428145,-49.266797,NA
Marchioro and Foerster 2011,Lepidoptera,Yponomeutidae,Plutella,xylostella,eggs,-0.1483,0.0191,FR,10.1590/S1519-566X2011000500003,Neotropical Entomology,2011,10,35,7,1200,12:12,70,Brazil,-25.293303,-49.225321,NA
Marchioro and Foerster 2011,Lepidoptera,Yponomeutidae,Plutella,xylostella,larva,-0.0272,0.0054,FR,10.1590/S1519-566X2011000500003,Neotropical Entomology,2011,10,35,7,1200,12:12,70,Brazil,-25.293303,-49.225321,NA
Marchioro and Foerster 2011,Lepidoptera,Yponomeutidae,Plutella,xylostella,pupa,-0.0855,0.0124,FR,10.1590/S1519-566X2011000500003,Neotropical Entomology,2011,10,35,7,1200,12:12,70,Brazil,-25.293303,-49.225321,NA
Marchioro and Foerster 2011,Lepidoptera,Yponomeutidae,Plutella,xylostella,all,-0.0203,0.0032,FR,10.1590/S1519-566X2011000500003,Neotropical Entomology,2011,10,35,7,1200,12:12,70,Brazil,-25.293303,-49.225321,NA
Milonas and Savopoulou-Soultani 2000,Lepidoptera,Tortricidae,Adoxophyes,orana,L1,-0.006,0.011,FR,10.1603/0013-8746(2000)093[0096:DSAROA]2.0.CO;2,Annals of the Entomological Society of America,2000,14,30,5,30,16:8,65,Greece,38.450185,23.050086,NA
Milonas and Savopoulou-Soultani 2000,Lepidoptera,Tortricidae,Adoxophyes,orana,L2,-0.145,0.020,FR,10.1603/0013-8746(2000)093[0096:DSAROA]2.0.CO;2,Annals of the Entomological Society of America,2000,14,30,5,30,16:8,65,Greece,38.450185,23.050086,NA
Milonas and Savopoulou-Soultani 2000,Lepidoptera,Tortricidae,Adoxophyes,orana,L3,-0.115,0.018,FR,10.1603/0013-8746(2000)093[0096:DSAROA]2.0.CO;2,Annals of the Entomological Society of America,2000,14,30,5,30,16:8,65,Greece,38.450185,23.050086,NA
Milonas and Savopoulou-Soultani 2000,Lepidoptera,Tortricidae,Adoxophyes,orana,L4,-0.081,0.014,FR,10.1603/0013-8746(2000)093[0096:DSAROA]2.0.CO;2,Annals of the Entomological Society of America,2000,14,30,5,30,16:8,65,Greece,38.450185,23.050086,NA
Milonas and Savopoulou-Soultani 2000,Lepidoptera,Tortricidae,Adoxophyes,orana,L5,0.025,0.005,FR,10.1603/0013-8746(2000)093[0096:DSAROA]2.0.CO;2,Annals of the Entomological Society of America,2000,14,30,5,30,16:8,65,Greece,38.450185,23.050086,NA
Milonas and Savopoulou-Soultani 2000,Lepidoptera,Tortricidae,Adoxophyes,orana,all,-0.017,0.003,FR,10.1603/0013-8746(2000)093[0096:DSAROA]2.0.CO;2,Annals of the Entomological Society of America,2000,14,30,5,30,16:8,65,Greece,38.450185,23.050086,NA
Mironidis and Savopoulou 2008,Lepidoptera,Noctuidae,Helicoverpa,armigera,eggs,-0.3013,0.0252,FR,10.1603/0046-225X(2008)37[16:DSAROH]2.0.CO;2,Environmental Entomology,2008,12.5,40,11,50,16:8,NA,Greece,38.450185,23.050086,NA
Mironidis and Savopoulou 2008,Lepidoptera,Noctuidae,Helicoverpa,armigera,eggs,-0.0963,0.0174,FR,10.1603/0046-225X(2008)37[16:DSAROH]2.0.CO;2,Environmental Entomology,2008,12.5,40,11,50,16:8,NA,Greece,38.450185,23.050086,NA
Mironidis and Savopoulou 2008,Lepidoptera,Noctuidae,Helicoverpa,armigera,larva,-0.0442,0.0042,FR,10.1603/0046-225X(2008)37[16:DSAROH]2.0.CO;2,Environmental Entomology,2008,12.5,40,11,50,16:8,NA,Greece,38.450185,23.050086,NA
Mironidis and Savopoulou 2008,Lepidoptera,Noctuidae,Helicoverpa,armigera,larva,-0.0052,0.0024,FR,10.1603/0046-225X(2008)37[16:DSAROH]2.0.CO;2,Environmental Entomology,2008,12.5,40,11,50,16:8,NA,Greece,38.450185,23.050086,NA
Mironidis and Savopoulou 2008,Lepidoptera,Noctuidae,Helicoverpa,armigera,pupa,-0.0529,0.0052,FR,10.1603/0046-225X(2008)37[16:DSAROH]2.0.CO;2,Environmental Entomology,2008,12.5,40,11,50,16:8,NA,Greece,38.450185,23.050086,NA
Mironidis and Savopoulou 2008,Lepidoptera,Noctuidae,Helicoverpa,armigera,pupa,-0.0037,0.0035,FR,10.1603/0046-225X(2008)37[16:DSAROH]2.0.CO;2,Environmental Entomology,2008,12.5,40,11,50,16:8,NA,Greece,38.450185,23.050086,NA
Mironidis and Savopoulou 2008,Lepidoptera,Noctuidae,Helicoverpa,armigera,all,-0.0201,0.0021,FR,10.1603/0046-225X(2008)37[16:DSAROH]2.0.CO;2,Environmental Entomology,2008,12.5,40,11,50,16:8,NA,Greece,38.450185,23.050086,NA
Mironidis and Savopoulou 2008,Lepidoptera,Noctuidae,Helicoverpa,armigera,all,-0.0029,0.0013,FR,10.1603/0046-225X(2008)37[16:DSAROH]2.0.CO;2,Environmental Entomology,2008,12.5,40,11,50,16:8,NA,Greece,38.450185,23.050086,NA
Miyashita 1971,Lepidoptera,Noctuidae,Spodoptera,litura,eggs,-0.1589,0.0157,FR,10.1303/aez.6.105,Applied entomology and zoology,1971,16,31,6,NA,16:8,NA,Japan,NA,NA,NA
Miyashita 1971,Lepidoptera,Noctuidae,Spodoptera,litura,larva,-0.0467,0.0044,FR,10.1303/aez.6.105,Applied entomology and zoology,1971,16,31,6,NA,16:8,NA,Japan,NA,NA,NA
Miyashita 1971,Lepidoptera,Noctuidae,Spodoptera,litura,prepupa,-0.4379,0.0366,FR,10.1303/aez.6.105,Applied entomology and zoology,1971,16,31,6,NA,16:8,NA,Japan,NA,NA,NA
Miyashita 1971,Lepidoptera,Noctuidae,Spodoptera,litura,pupa,-0.0487,0.0054,FR,10.1303/aez.6.105,Applied entomology and zoology,1971,16,31,6,NA,16:8,NA,Japan,NA,NA,NA
Miyashita 1971,Lepidoptera,Noctuidae,Spodoptera,litura,all,-0.0195,0.0019,FR,10.1303/aez.6.105,Applied entomology and zoology,1971,16,31,6,NA,16:8,NA,Japan,NA,NA,NA
Miyashita 1971,Lepidoptera,Noctuidae,Spodoptera,litura,larva,-0.0489,0.004,FR,10.1303/aez.6.105,Applied entomology and zoology,1971,16,31,6,NA,16:8,NA,Japan,NA,NA,NA
Ozgokce et al. 2016,Lepidoptera,Gelechiidae,Tuta,absoluta,all,-0.021,0.0024,FR,10.16970/ted.64743,Turkish Journal of Entomology,2016,15,34.1,10,NA,16:8,65,Turquia,36.896819,30.71055,NA
Wada and Kobayashi 1979,Lepidoptera,Pyralidae,Cnaphalocrocis,medinalis,eggs,-0.2191,0.0175,FR,10.1303/aez.15.207,Applied Entomology and Zoology,1979,15,30,7,NA,15:9,NA,Japan,32.63751,130.97237,NA
Wada and Kobayashi 1979,Lepidoptera,Pyralidae,Cnaphalocrocis,medinalis,larva,-0.0599,0.0049,FR,10.1303/aez.15.207,Applied Entomology and Zoology,1979,15,30,7,NA,15:9,NA,Japan,32.63751,130.97237,NA
Wada and Kobayashi 1979,Lepidoptera,Pyralidae,Cnaphalocrocis,medinalis,larva female,-0.0294,0.0049,FR,10.1303/aez.15.207,Applied Entomology and Zoology,1979,15,30,7,NA,15:9,NA,Japan,32.63751,130.97237,NA
Wada and Kobayashi 1979,Lepidoptera,Pyralidae,Cnaphalocrocis,medinalis,larva male,-0.0601,0.0049,FR,10.1303/aez.15.207,Applied Entomology and Zoology,1979,15,30,7,NA,15:9,NA,Japan,32.63751,130.97237,NA
Wada and Kobayashi 1979,Lepidoptera,Pyralidae,Cnaphalocrocis,medinalis,pupa,-0.1752,0.0123,FR,10.1303/aez.15.207,Applied Entomology and Zoology,1979,15,30,7,NA,15:9,NA,Japan,32.63751,130.97237,NA
Wada and Kobayashi 1979,Lepidoptera,Pyralidae,Cnaphalocrocis,medinalis,pupa female,-0.1847,0.0128,FR,10.1303/aez.15.207,Applied Entomology and Zoology,1979,15,30,7,NA,15:9,NA,Japan,32.63751,130.97237,NA
Wada and Kobayashi 1979,Lepidoptera,Pyralidae,Cnaphalocrocis,medinalis,pupa male,-0.1672,0.0119,FR,10.1303/aez.15.207,Applied Entomology and Zoology,1979,15,30,7,NA,15:9,NA,Japan,32.63751,130.97237,NA
Wada and Kobayashi 1979,Lepidoptera,Pyralidae,Cnaphalocrocis,medinalis,larva + pupa,-0.0432,0.0034,FR,10.1303/aez.15.207,Applied Entomology and Zoology,1979,15,30,7,NA,15:9,NA,Japan,32.63751,130.97237,NA
Wada and Kobayashi 1979,Lepidoptera,Pyralidae,Cnaphalocrocis,medinalis,all,-0.0364,0.0029,FR,10.1303/aez.15.207,Applied Entomology and Zoology,1979,15,30,7,NA,15:9,NA,Japan,32.63751,130.97237,NA
Zamani et al. 2006,Hemiptera,Aphididae,Aphis,gossypii,all,-0.0638,0.0103,FR,10.1111/j.1439-0418.2006.01088.x,Journal of Applied Entomology,2006,10,35,6,45,16:8,65,Iran,38.252986,48.299232,NA
